{"1": {"Trajectory": [65935, 65942, 65943, 65944, 65945, 65946, 65947, 65948, 65949], "distance": 0.3123635251699606}, "2": {"Trajectory": [294001, 293954, 293957, 295298, 295320, 295301], "distance": 0.23097705068304786}, "3": {"Trajectory": [45000, 44999, 44977, 44972, 44987, 44986, 44970, 44985, 44912, 44875], "distance": 0.4835880274793477}, "4": {"Trajectory": [375353, 375348, 375342, 375340, 375338, 375336, 375331, 375332, 375334], "distance": 0.08851100753289591}, "5": {"Trajectory": [188545, 188500, 188547, 188551, 188575, 188508, 188562, 188564, 188507, 188567], "distance": 0.10312011763090859}, "6": {"Trajectory": [306770, 306575, 306771, 306418, 306613, 306419, 306420, 306421, 306465, 306489], "distance": 0.16243092555967176}, "7": {"Trajectory": [378320, 378294, 378295, 378296, 378655, 378643, 378644, 420449, 420474, 420430], "distance": 0.3722357242073343}, "8": {"Trajectory": [26263, 26264, 26265, 26159, 26160, 26161, 26162, 26163, 26164, 20408], "distance": 0.1614375520610159}, "9": {"Trajectory": [346199, 346206, 346198, 346342, 346273, 346802, 346789, 346827, 346852, 346813], "distance": 0.6617903242308578}, "10": {"Trajectory": [372769, 372766, 372693, 372802, 372740, 372800, 372801, 372803], "distance": 0.19260854230982244}, "11": {"Trajectory": [73977, 73976, 73381, 73382, 73971, 72196, 72359, 72358, 72197, 72224], "distance": 0.11487638072027319}, "12": {"Trajectory": [85266, 85267, 85434, 85268, 85433, 85269, 85435, 85270, 85657, 85515], "distance": 0.18759014473108362}, "13": {"Trajectory": [313750, 313744, 313752, 313741, 313751, 313742, 313740, 313747, 313746, 313670], "distance": 0.069859128763433}, "14": {"Trajectory": [360393, 360394, 360238, 360429, 360384, 360367, 360427, 360426, 360478, 360247], "distance": 0.16195077101605987}, "15": {"Trajectory": [356988, 356901, 356926, 356989, 357001, 356953], "distance": 0.6323339213346713}, "16": {"Trajectory": [385312, 385310, 385309, 385220, 385305, 385121, 385635, 385511, 385634, 385482], "distance": 0.41048417752785527}, "17": {"Trajectory": [126293, 126292, 126291, 123939, 123938, 123937], "distance": 0.07180890684993774}, "18": {"Trajectory": [101356, 101348, 101295, 101352, 101294, 101355, 101287], "distance": 0.26854671842285605}, "19": {"Trajectory": [337591, 337592, 337578, 337590, 337339, 337355], "distance": 0.06421854127698061}, "20": {"Trajectory": [110047, 110044, 110039, 109960, 109964, 110115, 109958], "distance": 0.1479812442874821}, "21": {"Trajectory": [316382, 316383, 316376, 316425, 316422, 316513], "distance": 0.17075291747082053}, "22": {"Trajectory": [140964, 140965, 140878, 140938, 140879, 140939, 141009, 140880, 140937, 140614], "distance": 0.3184181178095582}, "23": {"Trajectory": [367004, 366979, 366872, 366867, 366873, 366868, 366874, 366875, 366845, 366765], "distance": 0.1545235456625333}, "24": {"Trajectory": [295488, 295552, 295489, 295550, 295621, 295622, 295638, 295623], "distance": 0.1738483590815222}, "25": {"Trajectory": [35357, 35367, 35349, 35343, 35355, 35353, 35364, 35358, 35338], "distance": 0.09115414179483036}, "26": {"Trajectory": [350447, 350506, 350448, 350507, 350449, 350450, 350451, 350452, 350501, 350453], "distance": 0.14687350937848698}, "27": {"Trajectory": [240143, 240144, 240145, 240146, 240136, 240163, 240142], "distance": 0.11249414378373722}, "28": {"Trajectory": [116839, 116721, 116857, 116720, 116840, 116605, 116718, 116717, 116844, 116856], "distance": 0.03752346334508566}}